<?xml version="1.0" encoding="UTF-8"?>
<beans xmlns="http://www.springframework.org/schema/beans"
	xmlns:xsi="http://www.w3.org/2001/XMLSchema-instance"
	xmlns:util="http://www.springframework.org/schema/util"
	xsi:schemaLocation="http://www.springframework.org/schema/beans http://www.springframework.org/schema/beans/spring-beans.xsd
		http://www.springframework.org/schema/util http://www.springframework.org/schema/util/spring-util-4.3.xsd">





	<bean class="com.cg.application.service.SportsServiceImpl"
		name="service" scope="singleton">

		<constructor-arg>
			<bean class="com.cg.application.DAO.SportsRepoImpl" name="repo">
				<property name="data">
					<map key-type="java.lang.String"
						value-type="com.cg.application.bean.Day">
						<entry key="Day 1">
							<bean class="com.cg.application.bean.Day">
								<property name="name" value="Day 1" />
								<property name="game">
									<list>
										<bean class="com.cg.application.bean.Game">
											<property name="name" value="Cricket" />
										</bean>
										<bean class="com.cg.application.bean.Game">
											<property name="name" value="Kho Kho" />
										</bean>
										<bean class="com.cg.application.bean.Game">
											<property name="name" value="Kabbadi" />
										</bean>
									</list>
								</property>
							</bean>
						</entry>

						<entry key="Day 2">
							<bean class="com.cg.application.bean.Day">
								<property name="name" value="Day 2" />
								<property name="game">
									<list>
										<bean class="com.cg.application.bean.Game">
											<property name="name" value="Cricket" />
										</bean>
										<bean class="com.cg.application.bean.Game">
											<property name="name" value="Hockey" />
										</bean>
										<bean class="com.cg.application.bean.Game">
											<property name="name" value="Long-Jump" />
										</bean>
									</list>
								</property>
							</bean>
						</entry>

						<entry key="Day 3">
							<bean class="com.cg.application.bean.Day">
								<property name="name" value="Day 3" />
								<property name="game">
									<list>
										<bean class="com.cg.application.bean.Game">
											<property name="name" value="Long-Jump" />
										</bean>
										<bean class="com.cg.application.bean.Game">
											<property name="name" value="Hockey" />
										</bean>
										<bean class="com.cg.application.bean.Game">
											<property name="name" value="Shooting" />
										</bean>
									</list>
								</property>
							</bean>
						</entry>


						<entry key="Day 4">
							<bean class="com.cg.application.bean.Day">
								<property name="name" value="Day 4" />
								<property name="game">
									<list>
										<bean class="com.cg.application.bean.Game">
											<property name="name" value="Cricket" />
										</bean>
										<bean class="com.cg.application.bean.Game">
											<property name="name" value="Football" />
										</bean>
										<bean class="com.cg.application.bean.Game">
											<property name="name" value="Basket ball" />
										</bean>
									</list>
								</property>
							</bean>
						</entry>
					</map>
				</property>
			</bean>
		</constructor-arg>
	</bean>




</beans>